{"REP": 3.28515, "WETH": 18.207036679359, "BAT": 9.2814796777165, "ERC20": 0.99, "DNT": 23201.744861414, "MANA": 206.34360118683, "LOOM": 2.94412059, "CVC": 9.865999997e-09, "USDC": 1e-11}